Implementation,N,Steps,Total_ms,PerStep_ms,Speedup_vs_Serial,GFLOP_s,Extra
Serial,4096,5,207.543481,41.5087,1.0,8.084,
OpenMP,4096,5,60.626818,12.1254,3.42,27.673,16
CUDA,4096,5,0.77824,0.1556,266.68,2155.789,NVIDIA GeForce RTX 3060 Laptop GPU
MPI,4096,5,33.679369,6.7359,6.16,49.815,8
